1,Hayate the Combat Butler
1,HAYATE NO GOTOKU!
2,ARATA THE LEGEND
2,ARATA KANGATARI
3,Date A Live
4,HENNEKO
4,Towanai
4,The Hentai Prince and the Stony Cat
4,HENTAI OUJI TO WARAWANAI NEKO
5,Karneval
6,Mushibugy?
6,JOUJUU SENJIN!! MUSHIBUGYO
7,Oreimo
7,Ore no Im?to ga Konna ni Kawaii Wake ga Nai
7,My Little Sister Can't Be This Cute
8,The Severing Crime Edge
8,DANSAI BUNRI NO CRIME EDGE
9,Red Data Girl
9,RDG
10,Aiura
11,Hataraku Maou-sama! 
11,The Devil Is a Part-Timer
11,Demon Lord at Work!
11,Working Demon King!
12, Namiuchigiwa no Muromi-san 
13,Shingeki no Kyojin
13,Attack on titan
14,Yuyushiki 
15,HAGANAI NEXT
15,BOKU WA TOMODACHI GA SUKUNAI
16,Kotoura-san
17,Chihayafuru
18,Cuticle Detective Inaba 
19,Minami-ke Tadaima
19,Minami-ke
20,Blast of Tempest
20,Zetsuen No Tempest
21,From the New World
21,SHIN SEKAI YORI
22,OniAi
22,ONIICHAN DAKEDO AI SAE AREBA KANKEINAI YO NE
22,"As Long as There's Love, It Doesn't Matter If He is My Brother, Right"
23,The Pet Girl of Sakurasou
23,SAKURASOU NO PET NA KANOJO
24,"Say, ""I Love You"""
24,SUKI TTE II NA YO
25, Bakuman
26,Code:Breaker 
26,codebreaker
27, Hidamari Sketch x Honeycomb 
27,HIDAMARI SKETCH
28, Medaka Box Abnormal 
28,MEDAKA BOX
29,Binbogami ga!
29,Good Luck Girl!
29,BINBOUGAMI GA!
30,NAKAIMO - My Little Sister Is Among Them!
30,"KONO NAKA NI HITORI, IMOUTO GA IRU!"
31,Aesthetica of a Rogue Hero
31,HAGURE YUUSHA NO KICHIKU BIGAKU
32,Chitose Get You!! 
33,"So, I Can't Play H?"
33,"Dakara Boku Wa, H Ga Dekinai "
34, Joshiraku 
35, Moyashimon Returns
35,Moyasimon: Tales of Agriculture
35,MOYASHIMON
36, Natsuyuki Rendezvous 
37,Yuruyuri
37,yuru yuri
38, Sgt. Frog 
38,keroro
39,Inari Kon Kon
39,"INARI, KONKON, KOI IROHA"
40,Maken-Ki! Battling Venus 
40,Maken-ki!
41,"Recently, My Sister is Unusual"
41,"Saikin, Imouto No Yousuga Chotto Okashii N Da Ga"
41,"SAIKIN, IMOUTO NO YOUSU GA CHOTTO OKASHII N DA GA. Manga"
42,Seitokai Yakuindomo
42,student Council Staff Members
43,Noragami
44,Nobunagun
45,D-Frag!
46,Tonari no Seki-kun
46,My Neighbor Seki
47,Hamatora
48,Witch Craft Works
49,Silver Spoon
49,Gin no Saji
50,Hozuki no Reitetsu
50,Hoozuki no Reitetsu
50,Cool-headed Hoozuki
50,H?zuki no Reitetsu
51,Pupa
52,Onee chan ga Kita
52,My big sister arrived
53,Sakura Trick
54,Magical Warfare
54,Mahou Sensou
55,Nisekoi
55,Nisekoi: False Love
56,Blood Lad
57,Fate/kaleid liner Prisma Illya
58,Genshiken
58,GENSHIKEN NIDAIME
58,THE SOCIETY FOR THE STUDY OF MODERN VISUAL CULTURE
59,High School DxD
59,High School Dragon of Dragon
60,Rozen Maiden
61,"Stella Women?s Academy, High School Division Class C?"
61,TOKUREI SOCHI DANTAI STELLA JOGAKUIN KOUTOUKA C3 BU
62,Sunday Without God
62,KAMISAMA NO INAI NICHIYOUBI
63,WATAMOTE
63,Its Not My Fault That Im Not Popular
63,WATASHI GA MOTENAI NO WA DOU KANGAETE MO OMAERA GA WARUI
63,"No Matter How I Look at It, It?s You Guys' Fault I?m Not Popular"
64,Hakkenden: Eight Dogs of the East
64,HAKKENDEN
65, Kimi no Iru Machi 
65,A Town Where You Live
66,Kingdom
67, Kin-iro Mosaic
67,KINIRO MOSAIC
68,Kitakubu Katsud? Kiroku 
68,Chronicles of the Going Home Club
69,Love Lab 
70, Makai Ouji: Devils and Realist 
71, Ro-Kyu-Bu! SS 
72, Seny?
72,senyuu
73, Servant ? Service
74, The World God Only Knows
75,Magi: The Kingdom of Magic
76,The Kawai Complex Guide to Manors and Hostel Behavior
76,BOKURA WA MINNA KAWAISOU
77,Riddle Story of Devil
77,AKUMA NO RIDDLE
78,JoJo's Bizarre Adventure: Stardust Crusaders
78,JoJo no Kimy? na B?ken
79,Mushishi: The Next Chapter
79,Mushishi: Zoku-Sh?
80,Dragonar Academy
80,SEIKOKU NO RYUU KISHI 
81,Mah?ka K?k? no Rett?sei
81,MAHOUKA KOUKOU NO RETTOUSEI
82,fairy tail
83,Kanojo ga Flag o Oraretara
84,Kindaichi Case Files
84,KINDAICHI SHOUNEN NO JIKENBO
84,Kindaichi Sh?nen no Jikenbo R
85,Haikyu!!
85,HAIKYUU!!
86,Dragon Collection
86,RYUU O SUBERUMONO
87,Soul Eater Not!
88,Chaika - The Coffin Princess 
88,Hitsugime no Chaika
89,"No Game, No Life"
89,No Game No Life
90,Knights of Sidonia
90,Sidonia no Kishi 
91,Ping Pong 
92,Baby Steps
93,One Week Friends
93,ISSHUUKAN FRIENDS
94,Brynhildr in the Darkness
94,GOKUKOKU NO BRYNHILDR
95,Black Bullet
96,Mangaka-san to Assistant-san to 
97,Mekakucity Actors (anime)
97,KAGEROU DAYS
97,Kagerou Project
97,Heat Haze Daze
97,Heat Haze Project
97,Heat-Haze Days
98,Soredemo Sekai wa Utsukushii
98,SOREDEMO SEKAI WA UTSUKUSHII
99,PUCHIM@S
99,Puchimas! Petit Idolmaster
99,PUCHIMASU!
