<?xml version="1.0" encoding="UTF-8"?>
<Employees>
<EMPLOYEE>
<NAME>MEISAM</NAME>
<FAMILIY>HEJAZINIA</FAMILIY>
<ADDRESS>SHAHRAK GHARB</ADDRESS>
<DEPARTMENT>IT</DEPARTMENT>
<SALARY>3000000</SALARY>
<MANAGER>HOSSEINI</MANAGER>
</EMPLOYEE>
<EMPLOYEE>
<NAME>AKBAR</NAME>
<FAMILIY>HASSANI</FAMILIY>
<ADDRESS>SEYEDKHANDAN</ADDRESS>
<DEPARTMENT>ENGINEERING</DEPARTMENT>
<SALARY>250000</SALARY>
<MANAGER>HOSSEINI</MANAGER>
</EMPLOYEE>
<EMPLOYEE>
<NAME>MOHSEN</NAME>
<FAMILIY>AMIRI</FAMILIY>
<ADDRESS>TEHRAN PARS</ADDRESS>
<DEPARTMENT>HR</DEPARTMENT>
<SALARY>40000</SALARY>
<MANAGER>AMIRI</MANAGER>
</EMPLOYEE>
</Employees>

