<?xml version="1.0"?>
<employees>
  <employee>
    <NAME>1</NAME>
    <FAMILY>meisam</FAMILY>
    <ADDRESS>hejzinia</ADDRESS>
    <DEPARTMENT>shahrak gharb</DEPARTMENT>
    <SALARY>IT</SALARY>
    <MANAGER>2000</MANAGER>
  </employee>
  <employee>
    <NAME>2</NAME>
    <FAMILY>ali</FAMILY>
    <ADDRESS>mohammadzadeh</ADDRESS>
    <DEPARTMENT>seyedkhandan</DEPARTMENT>
    <SALARY>IT</SALARY>
    <MANAGER>1000</MANAGER>
  </employee>
  <employee>
    <NAME>3</NAME>
    <FAMILY>hamed</FAMILY>
    <ADDRESS>khodadad</ADDRESS>
    <DEPARTMENT>monirieye</DEPARTMENT>
    <SALARY>HR</SALARY>
    <MANAGER>500</MANAGER>
  </employee>
  <employee>
    <NAME>4</NAME>
    <FAMILY>ahmad</FAMILY>
    <ADDRESS>alizadeh</ADDRESS>
    <DEPARTMENT>enghelab</DEPARTMENT>
    <SALARY>PRoduction</SALARY>
    <MANAGER>1000</MANAGER>
  </employee>
  <employee>
    <NAME>5</NAME>
    <FAMILY>ehsan</FAMILY>
    <ADDRESS>khajeamiri</ADDRESS>
    <DEPARTMENT>jordan</DEPARTMENT>
    <SALARY>Advertising</SALARY>
    <MANAGER>4000</MANAGER>
  </employee>
  <employee>
    <NAME>6</NAME>
    <FAMILY>elham</FAMILY>
    <ADDRESS>mohamadi</ADDRESS>
    <DEPARTMENT>haftetir</DEPARTMENT>
    <SALARY>trade</SALARY>
    <MANAGER>4000</MANAGER>
  </employee>
</employees>
